run,best_epoch,epochs_run,train_ppl,valid_ppl,gap
partA_dropout__p0.5,14,19,19.26,41.52,22.26
partA_dropout__p0.4,9,14,20.15,39.65,19.5
partA_baseline__lr0.0001,16,21,21.61,40.98,19.37
partA_dropout__p0.3,6,11,21.5,39.06,17.56
partA_dropout__p0.1,4,9,20.58,37.27,16.68
partA_arch__d_model256__num_layers2,4,9,25.92,42.26,16.34
partA_arch__d_model256__num_layers6,4,9,22.23,38.39,16.15
partA_arch__d_model256__num_layers4,4,9,23.38,39.46,16.08
partA_baseline__lr0.0005,4,9,23.38,39.46,16.08
partA_arch__d_model512__num_layers2,3,8,24.61,39.9,15.29
partA_arch__d_model512__num_layers4,3,8,23.15,38.02,14.87
partA_arch__d_model512__num_layers6,3,8,23.25,36.97,13.72
partA_arch__d_model384__num_layers6,3,8,24.83,38.2,13.36
partA_arch__d_model384__num_layers4,3,8,25.57,38.86,13.29
partA_dropout__p0.2,4,9,24.35,37.6,13.25
partA_arch__d_model384__num_layers2,3,8,27.19,40.43,13.24
partA_baseline__lr0.001,3,8,26.48,39.65,13.17
smoke,1,1,17550.77,6835.52,-10715.26
